group,n_basins,seed,local_nse_mean,ft_nse_mean,delta_nse_mean,local_kge_mean,ft_kge_mean,delta_kge_mean,nse_improved_count,kge_improved_count,detail_csv,n_basins_global_eval,global_nse_mean,global_kge_mean,global_detail_csv,delta_global_vs_local_nse,delta_ft_vs_global_nse,delta_ft_vs_local_nse
01,25,1001,0.3729131054878234,0.648252944946289,0.2753398394584656,0.3907870355247395,0.6638100537931464,0.2730230182684068,24,24,C:\GitHub\climate-change\NeuralHydrology\rq3_finetune\results_folder_01_local_vs_finetune_ea.csv,25,0.6400917100906373,0.6856515331247393,C:\GitHub\climate-change\NeuralHydrology\rq3_finetune\results_folder_01_global_eval_true_ea.csv,0.26717860460281384,0.008161234855651789,0.27533983945846563
02,69,1001,0.4561642451562743,0.5930270112079122,0.1368627660516379,0.4273557293851014,0.5734200782458183,0.1460643488607169,69,67,C:\GitHub\climate-change\NeuralHydrology\rq3_finetune\results_folder_02_local_vs_finetune_ea.csv,69,0.5776915282442949,0.5499816855127323,C:\GitHub\climate-change\NeuralHydrology\rq3_finetune\results_folder_02_global_eval_true_ea.csv,0.12152728308802063,0.015335482963617308,0.13686276605163794
03,79,1001,0.4474343883840344,0.5865513893622386,0.1391170009782042,0.392694066597463,0.5477859071202793,0.1550918405228162,75,76,C:\GitHub\climate-change\NeuralHydrology\rq3_finetune\results_folder_03_local_vs_finetune_ea.csv,79,0.5659653461432155,0.4987504721802834,C:\GitHub\climate-change\NeuralHydrology\rq3_finetune\results_folder_03_global_eval_true_ea.csv,0.1185309577591811,0.02058604321902313,0.13911700097820423
04,29,1001,0.2426367175990137,0.5284096146452015,0.2857728970461878,0.2440484143619508,0.5350245129450922,0.2909760985831413,28,24,C:\GitHub\climate-change\NeuralHydrology\rq3_finetune\results_folder_04_local_vs_finetune_ea.csv,29,0.4616578036341174,0.5488603716549041,C:\GitHub\climate-change\NeuralHydrology\rq3_finetune\results_folder_04_global_eval_true_ea.csv,0.2190210860351037,0.06675181101108413,0.2857728970461878
05,35,1001,0.436841550895146,0.6377705999783108,0.2009290490831647,0.4221976484314905,0.6214266141967182,0.1992289657652275,34,35,C:\GitHub\climate-change\NeuralHydrology\rq3_finetune\results_folder_05_local_vs_finetune_ea.csv,35,0.6079253690583365,0.5629962645873805,C:\GitHub\climate-change\NeuralHydrology\rq3_finetune\results_folder_05_global_eval_true_ea.csv,0.17108381816319052,0.029845230919974264,0.20092904908316478
06,16,1001,0.1208204515278339,0.654626052826643,0.533805601298809,0.0489065191218211,0.6240929376957349,0.5751864185739137,16,16,C:\GitHub\climate-change\NeuralHydrology\rq3_finetune\results_folder_06_local_vs_finetune_ea.csv,16,0.6329023577272892,0.5971127808050322,C:\GitHub\climate-change\NeuralHydrology\rq3_finetune\results_folder_06_global_eval_true_ea.csv,0.5120819061994553,0.02172369509935379,0.533805601298809
07,29,1001,0.2130416775571888,0.5456774604731592,0.3326357829159704,0.1439536939859738,0.5268557431288636,0.3829020491428898,28,28,C:\GitHub\climate-change\NeuralHydrology\rq3_finetune\results_folder_07_local_vs_finetune_ea.csv,29,0.5368619170682184,0.5055518715088639,C:\GitHub\climate-change\NeuralHydrology\rq3_finetune\results_folder_07_global_eval_true_ea.csv,0.32382023951102956,0.00881554340494084,0.3326357829159704
08,7,1001,0.0450885806764874,0.503240168094635,0.4581515874181475,-0.15273507078997,0.4996183946705047,0.6523534654604749,7,7,C:\GitHub\climate-change\NeuralHydrology\rq3_finetune\results_folder_08_local_vs_finetune_ea.csv,7,0.4967634677886963,0.4817059878068341,C:\GitHub\climate-change\NeuralHydrology\rq3_finetune\results_folder_08_global_eval_true_ea.csv,0.4516748871122089,0.006476700305938721,0.4581515874181476
09,2,1001,0.044864147901535,0.1288473308086395,0.0839831829071044,-0.2007763154549669,-0.064389541189098,0.1363867742658689,2,2,C:\GitHub\climate-change\NeuralHydrology\rq3_finetune\results_folder_09_local_vs_finetune_ea.csv,2,0.1283574104309081,-0.0017159435433516,C:\GitHub\climate-change\NeuralHydrology\rq3_finetune\results_folder_09_global_eval_true_ea.csv,0.08349326252937309,0.0004899203777314065,0.08398318290710449
10,49,1001,0.0114624792215775,0.4881170756962834,0.4766545964747059,-0.2104853267334651,0.3643686365873858,0.5748539633208509,48,47,C:\GitHub\climate-change\NeuralHydrology\rq3_finetune\results_folder_10_local_vs_finetune_ea.csv,49,0.4714916895846931,0.2742068060876221,C:\GitHub\climate-change\NeuralHydrology\rq3_finetune\results_folder_10_global_eval_true_ea.csv,0.4600292103631156,0.016625386111590257,0.47665459647470587
11,22,1001,-0.0712178214029832,0.5249644138596274,0.5961822352626107,-0.3086662681889037,0.4496963761983803,0.7583626443872841,22,22,C:\GitHub\climate-change\NeuralHydrology\rq3_finetune\results_folder_11_local_vs_finetune_ea.csv,22,0.4981345561417666,0.380156192667255,C:\GitHub\climate-change\NeuralHydrology\rq3_finetune\results_folder_11_global_eval_true_ea.csv,0.5693523775447498,0.02682985771786084,0.5961822352626106
12,32,1001,0.0966453626751899,0.5032493937760592,0.4066040311008692,-0.1936420988254685,0.3042515947681928,0.4978936935936614,32,32,C:\GitHub\climate-change\NeuralHydrology\rq3_finetune\results_folder_12_local_vs_finetune_ea.csv,32,0.4796803016215563,0.1621874038524811,C:\GitHub\climate-change\NeuralHydrology\rq3_finetune\results_folder_12_global_eval_true_ea.csv,0.38303493894636637,0.02356909215450287,0.40660403110086923
13,7,1001,0.0355981162616184,0.6190737741334098,0.5834756578717913,-0.0193962534409761,0.5935424141253612,0.6129386675663373,7,7,C:\GitHub\climate-change\NeuralHydrology\rq3_finetune\results_folder_13_local_vs_finetune_ea.csv,7,0.585320804800306,0.5231195886556858,C:\GitHub\climate-change\NeuralHydrology\rq3_finetune\results_folder_13_global_eval_true_ea.csv,0.5497226885386877,0.03375296933310379,0.5834756578717915
14,15,1001,0.0692323168118794,0.7346408406893412,0.6654085238774617,0.0043689369803482,0.676566244879211,0.6721973078988628,15,15,C:\GitHub\climate-change\NeuralHydrology\rq3_finetune\results_folder_14_local_vs_finetune_ea.csv,15,0.7113239010175069,0.6253226364990777,C:\GitHub\climate-change\NeuralHydrology\rq3_finetune\results_folder_14_global_eval_true_ea.csv,0.6420915842056275,0.023316939671834347,0.6654085238774619
15,14,1001,-0.0086366023336138,0.2426817672593253,0.2513183695929391,-0.2980865754310254,0.0365202227395179,0.3346067981705433,14,14,C:\GitHub\climate-change\NeuralHydrology\rq3_finetune\results_folder_15_local_vs_finetune_ea.csv,14,0.0837044928755078,-0.3370516738859618,C:\GitHub\climate-change\NeuralHydrology\rq3_finetune\results_folder_15_global_eval_true_ea.csv,0.0923410952091216,0.1589772743838175,0.25131836959293913
16,5,1001,0.0456898689270019,0.6988183498382569,0.6531284809112549,-0.0816286040686795,0.6842760797740135,0.7659046838426931,5,5,C:\GitHub\climate-change\NeuralHydrology\rq3_finetune\results_folder_16_local_vs_finetune_ea.csv,5,0.6915416479110718,0.6788908819344531,C:\GitHub\climate-change\NeuralHydrology\rq3_finetune\results_folder_16_global_eval_true_ea.csv,0.6458517789840699,0.007276701927185103,0.653128480911255
17,72,1001,0.4930048866404427,0.7021929927998118,0.2091881061593691,0.4738993814718101,0.6673138075662194,0.1934144260944091,72,67,C:\GitHub\climate-change\NeuralHydrology\rq3_finetune\results_folder_17_local_vs_finetune_ea.csv,72,0.6918068586124314,0.648706801650202,C:\GitHub\climate-change\NeuralHydrology\rq3_finetune\results_folder_17_global_eval_true_ea.csv,0.19880197197198873,0.010386134187380436,0.20918810615936917
18,26,1001,0.144099677984531,0.6971261615936573,0.5530264836091262,0.0035276268704574,0.6265538390442902,0.6230262121738327,26,26,C:\GitHub\climate-change\NeuralHydrology\rq3_finetune\results_folder_18_local_vs_finetune_ea.csv,26,0.6911547596638019,0.5975814511480521,C:\GitHub\climate-change\NeuralHydrology\rq3_finetune\results_folder_18_global_eval_true_ea.csv,0.547055081679271,0.005971401929855347,0.5530264836091263
